{
  "experiment": 4,
  "config": {
    "name": "Extended Training (5 epochs)",
    "learning_rate": 0.0002,
    "batch_size": 1,
    "gradient_accumulation_steps": 8,
    "epochs": 5,
    "lora_rank": 64,
    "lora_alpha": 128,
    "lora_dropout": 0.05,
    "warmup_steps": 150,
    "weight_decay": 0.01,
    "lr_scheduler": "cosine"
  },
  "training_time_minutes": 35.83498462438583,
  "final_loss": 0.41223748535615545,
  "metrics": {
    "bleu": 0.0806763668047701,
    "rouge1": 0.13969337333950918,
    "rouge2": 0.07112826216195746,
    "rougeL": 0.10985436240638785,
    "perplexity": 3.938335418701172,
    "avg_response_length": 81.14
  },
  "timestamp": "2026-02-15T04:51:39.977933"
}