{
  "experiment": 1,
  "config": {
    "name": "Baseline",
    "learning_rate": 0.0002,
    "batch_size": 2,
    "gradient_accumulation_steps": 4,
    "epochs": 3,
    "lora_rank": 32,
    "lora_alpha": 64,
    "lora_dropout": 0.05,
    "warmup_steps": 100,
    "weight_decay": 0.01,
    "lr_scheduler": "cosine"
  },
  "training_time_minutes": 10.958308390776317,
  "final_loss": 0.6099121408451893,
  "metrics": {
    "bleu": 0.053933544372077306,
    "rouge1": 0.11701348722392677,
    "rouge2": 0.05101559935608657,
    "rougeL": 0.08578533176783332,
    "perplexity": 5.179610252380371,
    "avg_response_length": 76.74
  },
  "timestamp": "2026-02-15T03:20:07.059903"
}